Parameters,LillieforsResult
Statistic,0.17709753067016487
Tabulated,0.258
p_value,0.4976450090923252
Alpha,0.05
Message,Data is Normal at a 95.0% of confidence level.
-,-
Data,Values
1,1.90642
2,2.22488
3,2.10288
4,1.69742
5,1.52229
6,3.15435
7,2.61826
8,1.98492
9,1.42738
10,1.99568
